{"schemaVersion":"1.0","appDefinitionTemplate":{"id":"/providers/Microsoft.PowerApps/apps/","type":"Microsoft.PowerApps/apps","tags":{"primaryDeviceWidth":"640","primaryDeviceHeight":"1136","sienaVersion":"20200420T001630Z-3.20023.8.0","deviceCapabilities":"","supportsPortrait":"true","supportsLandscape":"false","primaryFormFactor":"Phone","publisherVersion":"3.20023.8","minimumRequiredApiVersion":"2.2.0","hasComponent":"false","hasUnlockedComponent":"false"},"properties":{"appVersion":"2020-04-20T00:16:30Z","lifeCycleId":"Published","createdByClientVersion":{"major":3,"minor":20023,"build":8,"revision":0,"majorRevision":0,"minorRevision":0},"minClientVersion":{"major":3,"minor":20023,"build":8,"revision":0,"majorRevision":0,"minorRevision":0},"backgroundColor":"rgba(165, 34, 55, 1)","backgroundImageUri":"/1083984758893515260/Nb479a4c9-a88c-46b1-888f-d32c4b848c78-logoSmallFile","displayName":"Stay In Touch","description":"This app is for the Admin(here Manager)","commitMessage":"","appUris":{"documentUri":{"value":"/1083984758893515260/Nc3b2adda-1280-42d4-ba8e-213553a8f729-document.msapp","readonlyValue":"/1083984758893515260/Nc3b2adda-1280-42d4-ba8e-213553a8f729-document.msapp"},"imageUris":[]},"createdTime":"0001-01-01T00:00:00Z","lastModifiedTime":"0001-01-01T00:00:00Z","sharedGroupsCount":0,"sharedUsersCount":0,"icons":{"smallIconUri":"/1083984758893515260/N5658bf41-e621-4c02-902e-903bf5a3dbfe-small.png","mediumIconUri":"/1083984758893515260/N08383f1e-f6e5-4437-9fce-d04b0b92fbd0-medium.png","largeIconUri":"/1083984758893515260/N54a93c4a-33c9-40d5-8a31-e2f535018a80-large.png","wideIconUri":"/1083984758893515260/N9f9e95c2-b22c-40f7-b25d-9bcfe3462769-wide.png"},"connectionReferences":{"d9f2855a-1d64-4c79-a00f-6c34c32c1470":{"id":"a05ebfa8-071d-40a8-be1e-5f01ec83d0a8","displayName":"Office 365 Users","iconUri":"https://connectoricons-prod.azureedge.net/office365users/icon_1.0.1335.1964.png","dataSources":["Office365Users"],"dependencies":[],"dependents":[],"parameterHints":{},"isOnPremiseConnection":false,"bypassConsent":false,"dataSets":{},"apiTier":"Standard","isCustomApiConnection":false},"f5fac971-bc1e-4f60-bbbe-8d367ca30a11":{"id":"0f77c69b-f2b3-4d51-8dba-fdf832ffd9ee","displayName":"Excel","iconUri":"https://connectoricons-prod.azureedge.net/excel/icon_1.0.1328.1952.png","dataSources":["Table2","Table1"],"dependencies":["ba405a07-bf34-495f-98e0-24787eb778d6"],"dependents":[],"parameterHints":{"ba405a07-bf34-495f-98e0-24787eb778d6":{"value":"fileSource"}},"isOnPremiseConnection":false,"bypassConsent":false,"dataSets":{"b!y8lam1u2tkGfm75rdJrIt94Yk5tKAg1PlmqgintXisukiIjdspQ8QYaXd6ucbF9u.01C4AP5SEPZ47YMT5MXNEK5TDWLCNFFKJA":{"dataSources":{"Table2":{"tableName":"Table2"}}},"b!y8lam1u2tkGfm75rdJrIt94Yk5tKAg1PlmqgintXisukiIjdspQ8QYaXd6ucbF9u.01C4AP5SGFZMZA7DW2MZELYVK7QHHMW5NP":{"dataSources":{"Table1":{"tableName":"Table1"}}}},"apiTier":"Standard","isCustomApiConnection":false},"ba405a07-bf34-495f-98e0-24787eb778d6":{"id":"0b5593e5-dc92-47b6-a625-da184450ffb6","displayName":"OneDrive for Business","iconUri":"https://connectoricons-prod.azureedge.net/onedriveforbusiness/icon_1.0.1328.1952.png","dataSources":[],"dependencies":[],"dependents":["f5fac971-bc1e-4f60-bbbe-8d367ca30a11"],"parameterHints":{},"isOnPremiseConnection":false,"bypassConsent":false,"dataSets":{},"apiTier":"Standard","isCustomApiConnection":false},"b828edd5-da0d-4e72-bd56-2941b6e40ea5":{"id":"4af3bcce-01f6-4b91-9147-473afa4ae58f","displayName":"Power Apps Notification","iconUri":"https://connectoricons-prod.azureedge.net/powerappsnotification/icon_1.0.1326.1943.png","dataSources":["PowerAppsNotification"],"dependencies":[],"dependents":[],"parameterHints":{},"isOnPremiseConnection":false,"sharedConnectionId":"70098a93-0927-472b-87fe-f0afeb843d7a","bypassConsent":false,"dataSets":{},"apiTier":"Standard","isCustomApiConnection":false}},"databaseReferences":{},"almMode":"Environment","performanceOptimizationEnabled":false,"canConsumeAppPass":true},"isAppComponentLibrary":false,"appType":"ClassicCanvasApp","appComponents":[]}}